instance,n,algorithm,initial_len,initial_gap_pct,2opt_len,2opt_gap_pct,3opt_len,3opt_gap_pct,init_time,2opt_time,3opt_time
Tnm100.tsp,100,LPQI,1455836.7317667515,,1455836.7317667515,,1455836.7317667515,,0.08548770000925288,0.0036680999910458922,0.14654789998894557
Tnm100.tsp,100,MHLPQI,1432627.3396419056,,1432627.3396419056,,1432627.3396419056,,0.003687999997055158,0.003448000003118068,0.15093629999319091
Tnm100.tsp,100,HullRot-LPQI,1455836.7317667515,,1455836.7317667515,,1455836.7317667515,,0.6495638999913353,0.0037958000029902905,0.1577007999876514
Tnm103.tsp,103,LPQI,1511535.6316710738,,1511535.6316710738,,1511535.6316710738,,0.12680810000165366,0.003488699992885813,0.15670409999438561
Tnm103.tsp,103,MHLPQI,1489630.1033608613,,1485754.211333924,,1485754.211333924,,0.0038994000060483813,0.0068208999873604625,0.1603569000144489
Tnm103.tsp,103,HullRot-LPQI,1511535.6316710738,,1511535.6316710738,,1511535.6316710738,,0.7021215000131633,0.0036105000181123614,0.16391360000125133
Tnm106.tsp,106,LPQI,1510728.636579989,,1510728.636579989,,1510728.636579989,,0.10460960000636987,0.003744899993762374,0.1707139000063762
Tnm106.tsp,106,MHLPQI,1541877.1654798898,,1531502.8524456676,,1531502.8524456676,,0.003997599997092038,0.011514000012539327,0.1725956000154838
Tnm106.tsp,106,HullRot-LPQI,1510728.636579989,,1510728.636579989,,1510728.636579989,,0.7108962999773212,0.0036731000000145286,0.17466319998493418
Tnm109.tsp,109,LPQI,1587338.7241445037,,1587338.7241445037,,1587338.7241445037,,0.11293030000524595,0.004022799985250458,0.190102399996249
Tnm109.tsp,109,MHLPQI,1594319.5407061328,,1573503.2034852814,,1570862.9188735876,,0.004071599978487939,0.00832059999811463,0.19194920000154525
Tnm109.tsp,109,HullRot-LPQI,1587338.7241445037,,1587338.7241445037,,1587338.7241445037,,0.8810307999956422,0.010381400003097951,0.23266599999624304
Tnm112.tsp,112,LPQI,1649444.537916048,,1649444.537916048,,1649444.537916048,,0.1484117999789305,0.004613900004187599,0.22390240000095218
Tnm112.tsp,112,MHLPQI,1622822.1547815476,,1622822.1547815476,,1622822.1547815476,,0.004572100006043911,0.004195500019704923,0.2053318000107538
Tnm112.tsp,112,HullRot-LPQI,1649444.537916048,,1649444.537916048,,1649444.537916048,,0.8818815000122413,0.004657000012230128,0.2130864999780897
Tnm115.tsp,115,LPQI,1711885.694241332,,1711885.694241332,,1711885.694241332,,0.13724390001152642,0.004243000003043562,0.2205586000054609
Tnm115.tsp,115,MHLPQI,1687123.1998634683,,1687123.1998634683,,1687123.1998634683,,0.004490999999688938,0.004558699991321191,0.2246865999768488
Tnm115.tsp,115,HullRot-LPQI,1711885.694241332,,1711885.694241332,,1711885.694241332,,0.9233938000106718,0.004296900006011128,0.22297529998468235
Tnm118.tsp,118,LPQI,1774626.376546463,,1774626.376546463,,1774626.376546463,,0.1381606999784708,0.0045516999962273985,0.23809389999951236
Tnm118.tsp,118,MHLPQI,1743523.744241941,,1743523.744241941,,1743523.744241941,,0.004796099994564429,0.005071999999927357,0.23979160000453703
Tnm118.tsp,118,HullRot-LPQI,1774626.376546463,,1774626.376546463,,1774626.376546463,,0.9792241000104696,0.004497099987929687,0.23590679999324493
Tnm121.tsp,121,LPQI,1837642.560930006,,1837642.560930006,,1837642.560930006,,0.15185160000692122,0.004882699984591454,0.2577891999972053
Tnm121.tsp,121,MHLPQI,1811947.319525304,,1805783.3004941992,,1805783.3004941992,,0.00493669998832047,0.009919100004481152,0.2590819999750238
Tnm121.tsp,121,HullRot-LPQI,1837642.560930006,,1837642.560930006,,1837642.560930006,,1.0542175000009593,0.004767200007336214,0.2607297000067774
Tnm124.tsp,124,LPQI,1900906.618517373,,1900906.618517373,,1900906.618517373,,0.16022709998651408,0.005140099994605407,0.27771429999847896
Tnm124.tsp,124,MHLPQI,1862725.844159384,,1858162.5688589194,,1858162.5688589194,,0.005143600021256134,0.010972499992931262,0.2755590000015218
Tnm124.tsp,124,HullRot-LPQI,1900906.618517373,,1900906.618517373,,1900906.618517373,,1.1497230000095442,0.005026900005759671,0.2796508999890648
Tnm127.tsp,127,LPQI,1964400.4936810634,,1956507.4452017318,,1956507.4452017318,,0.17483049997827038,0.01590779999969527,0.3080097999772988
Tnm127.tsp,127,MHLPQI,1930089.5826933258,,1927090.8005533337,,1927090.8005533337,,0.009588800021447241,0.012647099996684119,0.3387543999997433
Tnm127.tsp,127,HullRot-LPQI,1964400.4936810634,,1956507.4452017318,,1956507.4452017318,,1.3843777000147384,0.017294199991738424,0.3435415999847464
Tnm130.tsp,130,LPQI,2028098.0159764842,,2028098.0159764842,,2028098.0159764842,,0.20052769998437725,0.005641499999910593,0.3691842000116594
Tnm130.tsp,130,MHLPQI,1999632.983128528,,1998154.2399305955,,1998154.2399305955,,0.005678699992131442,0.01195949999964796,0.35063390000141226
Tnm130.tsp,130,HullRot-LPQI,2028098.0159764842,,2028098.0159764842,,2028098.0159764842,,1.428195099986624,0.005528000008780509,0.34326220001094043
Tnm133.tsp,133,LPQI,2031756.2785729931,,2031756.2785729931,,2031756.2785729931,,0.20563250000122935,0.005916599999181926,0.3500151000043843
Tnm133.tsp,133,MHLPQI,1995099.3129753682,,1995099.3129753682,,1995099.3129753682,,0.005945000011706725,0.006080699997255579,0.37062490000971593
Tnm133.tsp,133,HullRot-LPQI,2031756.2785729931,,2031756.2785729931,,2031756.2785729931,,1.3990676999965217,0.005904599995119497,0.3498437000089325
Tnm136.tsp,136,LPQI,2095062.8545829197,,2095062.8545829197,,2095062.8545829197,,0.21138190000783652,0.006188800005475059,0.3661454000102822
Tnm136.tsp,136,MHLPQI,2062424.7942061916,,2056905.4485836967,,2056905.4485836967,,0.006063599983463064,0.01319080000394024,0.3706001999962609
Tnm136.tsp,136,HullRot-LPQI,2095062.8545829197,,2095062.8545829197,,2095062.8545829197,,1.498122599994531,0.006232499988982454,0.36732990000746213
Tnm139.tsp,139,LPQI,2158562.509877806,,2158562.509877806,,2158562.509877806,,0.2818585999775678,0.0064384999859612435,0.40056139999069273
Tnm139.tsp,139,MHLPQI,2118870.482545571,,2114781.260620911,,2114781.260620911,,0.006536200002301484,0.012750199995934963,0.40063889999873936
Tnm139.tsp,139,HullRot-LPQI,2158562.509877806,,2158562.509877806,,2158562.509877806,,1.605468199995812,0.006529200007207692,0.4237046000198461
Tnm142.tsp,142,LPQI,2222239.229503972,,2214108.397278274,,2214108.397278274,,0.24927980001666583,0.019749300001421943,0.42153290001442656
Tnm142.tsp,142,MHLPQI,2192944.2501487066,,2190252.878019687,,2190252.878019687,,0.006864599999971688,0.01409899999271147,0.4282048000022769
Tnm142.tsp,142,HullRot-LPQI,2222239.229503972,,2214108.397278274,,2214108.397278274,,1.7233362999977544,0.020533099974272773,0.42098510000505485
Tnm145.tsp,145,LPQI,2286075.356590665,,2286075.356590665,,2286075.356590665,,0.2593831999984104,0.006995100004132837,0.4692415999888908
Tnm145.tsp,145,MHLPQI,2241151.5632387735,,2239823.7725584023,,2239823.7725584023,,0.007164000009652227,0.014247500017518178,0.45067479999852367
Tnm145.tsp,145,HullRot-LPQI,2286075.356590665,,2286075.356590665,,2286075.356590665,,1.819390199991176,0.006963799998629838,0.4483137999777682
Tnm148.tsp,148,LPQI,2319048.924333507,,2319048.924333507,,2319048.924333507,,0.27836529997875914,0.007229399983771145,0.48196860001189634
Tnm148.tsp,148,MHLPQI,2306092.327592188,,2306092.327592188,,2306092.327592188,,0.007207600021502003,0.00795180001296103,0.48553760000504553
Tnm148.tsp,148,HullRot-LPQI,2310528.7939382466,,2309796.95656293,,2309796.95656293,,1.933726299990667,0.014483100007055327,0.48914350001723506
Tnm151.tsp,151,LPQI,2413911.948093738,,2404387.4912790614,,2404387.4912790614,,0.29478589998325333,0.022563599981367588,0.5161786999960896
Tnm151.tsp,151,MHLPQI,2360850.751847224,,2360850.751847224,,2360850.751847224,,0.0074708000174723566,0.008786299993516877,0.5115586000028998
Tnm151.tsp,151,HullRot-LPQI,2413911.948093738,,2404387.4912790614,,2404387.4912790614,,2.0590901999967173,0.022458799998275936,0.5129212999891024
Tnm154.tsp,154,LPQI,2475422.6537921387,,2465646.4788243594,,2465646.4788243594,,0.3110283999994863,0.023530000005848706,0.5688494000060018
Tnm154.tsp,154,MHLPQI,2422269.75432916,,2422269.75432916,,2422269.75432916,,0.007913100009318441,0.007731999998213723,0.5587777000037022
Tnm154.tsp,154,HullRot-LPQI,2475422.6537921387,,2465646.4788243594,,2465646.4788243594,,2.33279409998795,0.02557989998604171,0.5632346000056714
Tnm157.tsp,157,LPQI,2536992.3794855373,,2518231.5761985527,,2518231.5761985527,,0.35673930001212284,0.029075500002363697,0.6285086999996565
Tnm157.tsp,157,MHLPQI,2482511.1495171213,,2482511.1157100545,,2482511.1157100545,,0.008394500007852912,0.01740569999674335,0.6013941999990493
Tnm157.tsp,157,HullRot-LPQI,2536992.3794855373,,2518231.5761985527,,2518231.5761985527,,2.3671243999851868,0.026729000004706904,0.6217529000132345
Tnm160.tsp,160,LPQI,2598613.155652956,,2579371.5696665067,,2579371.5696665067,,0.34783680000691675,0.02532080002129078,0.6307883999834303
Tnm160.tsp,160,MHLPQI,2533010.1654304685,,2533010.1654304685,,2533010.1654304685,,0.00892079999903217,0.008597899985034019,0.6189541000057943
Tnm160.tsp,160,HullRot-LPQI,2598613.155652956,,2579371.5696665067,,2579371.5696665067,,2.505903900018893,0.025878399988869205,0.6156229000189342
Tnm163.tsp,163,LPQI,2565953.2196017886,,2565953.2196017886,,2565953.2196017886,,0.3715678000007756,0.009163500013528392,0.6520270000037272
Tnm163.tsp,163,MHLPQI,2560015.0455045793,,2560015.039592766,,2560015.039592766,,0.008846300013829023,0.018569599982583895,0.7168320000055246
Tnm163.tsp,163,HullRot-LPQI,2562245.745180729,,2561420.436501819,,2561420.436501819,,2.5860293000005186,0.017516399995656684,0.6516860999981873
Tnm166.tsp,166,LPQI,2672571.654672743,,2654583.7209422532,,2654583.7209422532,,0.3885957000020426,0.027585700008785352,0.6896167999948375
Tnm166.tsp,166,MHLPQI,2608355.265131971,,2608117.957901582,,2608117.957901582,,0.009054499998455867,0.06067810000968166,0.6984063000127207
Tnm166.tsp,166,HullRot-LPQI,2672571.654672743,,2654583.7209422532,,2654583.7209422532,,2.723580799996853,0.02752250002231449,0.6915809999918565
Tnm169.tsp,169,LPQI,2734369.665704544,,2715945.961125259,,2715945.961125259,,0.41746719999355264,0.02822440001182258,0.7213137999933679
Tnm169.tsp,169,MHLPQI,2680746.1201023674,,2680746.1201023674,,2680746.1201023674,,0.009958700014976785,0.009806299989577383,0.7283240999968257
Tnm169.tsp,169,HullRot-LPQI,2734369.665704544,,2715945.961125259,,2715945.961125259,,2.9121559000050183,0.03416290000313893,0.7451168000116013
Tnm172.tsp,172,LPQI,2796207.731156864,,2796207.731156864,,2796207.731156864,,0.43552440000348724,0.009721900016302243,0.7603723999927752
Tnm172.tsp,172,MHLPQI,2734218.9075457733,,2734218.9075457733,,2734218.9075457733,,0.009967499994672835,0.011166199983563274,0.7671733000024687
Tnm172.tsp,172,HullRot-LPQI,2796207.731156864,,2796207.731156864,,2796207.731156864,,3.07493770000292,0.010123499989276752,0.7812167000083718
Tnm175.tsp,175,LPQI,2858094.2743717446,,2858094.2743717446,,2858094.2743717446,,0.45214050001231954,0.01011650002328679,0.8160729999945033
Tnm175.tsp,175,MHLPQI,2798878.622376644,,2798878.622376644,,2798878.622376644,,0.011096000001998618,0.01153729998623021,0.8115731000143569
Tnm175.tsp,175,HullRot-LPQI,2858094.2743717446,,2858094.2743717446,,2858094.2743717446,,3.3451082999818027,0.01023640000494197,0.8241855000087526
Tnm178.tsp,178,LPQI,2920022.894932777,,2899862.3869890026,,2899862.3869890026,,0.5028230999887455,0.03177149998373352,0.8583058000076562
Tnm178.tsp,178,MHLPQI,2839884.064104839,,2839884.064104839,,2839884.064104839,,0.012619099987205118,0.015775499981828034,0.856934099982027
Tnm178.tsp,178,HullRot-LPQI,2920022.894932777,,2899862.3869890026,,2899862.3869890026,,3.3842101999907754,0.03189160002511926,0.8472113000170793
Tnm181.tsp,181,LPQI,2981991.585147823,,2961384.6731031113,,2961384.6731031113,,0.49956930000917055,0.03258790000109002,0.8927062999864575
Tnm181.tsp,181,MHLPQI,2991089.672315909,,2945683.392567089,,2945683.392567089,,0.010704899992560968,0.022422999987611547,0.896212599996943
Tnm181.tsp,181,HullRot-LPQI,2981991.585147823,,2961384.6731031113,,2961384.6731031113,,3.553658999997424,0.03287190000992268,0.8904819999879692
Tnm184.tsp,184,LPQI,3043991.9655492967,,3022937.052154082,,3022937.052154082,,0.5286629000038374,0.03451559998211451,0.9429003999975976
Tnm184.tsp,184,MHLPQI,2962103.99014428,,2961446.737623002,,2961446.737623002,,0.01168840000173077,0.02327129998593591,0.9468179999967106
Tnm184.tsp,184,HullRot-LPQI,3043991.9655492967,,3022937.052154082,,3022937.052154082,,3.7285022999858484,0.034516100015025586,0.937021999998251
Tnm187.tsp,187,LPQI,3106027.849344147,,3106027.849344147,,3106027.849344147,,0.5532254999852739,0.011755500017898157,0.9902603999944404
Tnm187.tsp,187,MHLPQI,3023616.561402122,,3023616.561402122,,3023616.561402122,,0.011590899986913428,0.012191799993161112,0.9932044000015594
Tnm187.tsp,187,HullRot-LPQI,3106027.849344147,,3106027.849344147,,3106027.849344147,,3.9081604999955744,0.011566300003323704,0.9946430000127293
Tnm190.tsp,190,LPQI,3168093.1535576945,,3168093.1535576945,,3168093.1535576945,,0.578396500000963,0.01204699999652803,1.0519653000228573
Tnm190.tsp,190,MHLPQI,3095873.1892512445,,3095873.1892512445,,3095873.1892512445,,0.011759900022298098,0.014154100004816428,1.0515405999904033
Tnm190.tsp,190,HullRot-LPQI,3168093.1535576945,,3168093.1535576945,,3168093.1535576945,,4.117634900001576,0.01199199998518452,1.0468084999884013
Tnm193.tsp,193,LPQI,3179576.4100552127,,3151113.864868437,,3151113.864868437,,0.6110034000012092,0.03785399999469519,1.095094300020719
Tnm193.tsp,193,MHLPQI,3228077.146375467,,3069458.1883651232,,3069458.1883651232,,0.012106599984690547,0.041579000011552125,1.088870199979283
Tnm193.tsp,193,HullRot-LPQI,3179576.4100552127,,3151113.864868437,,3151113.864868437,,4.2859464999928605,0.03681530000176281,1.084412299998803
Tnm196.tsp,196,LPQI,3241751.209830823,,3212712.358279404,,3212712.358279404,,0.6426454999891575,0.0382028000021819,1.1430978999997023
Tnm196.tsp,196,MHLPQI,3291783.989099262,,3214115.864579932,,3214115.864579932,,0.012763500009896234,0.026890400011325255,1.1525787000136916
Tnm196.tsp,196,HullRot-LPQI,3241751.209830823,,3212712.358279404,,3212712.358279404,,4.590460700012045,0.037997800012817606,1.142035600001691
Tnm199.tsp,199,LPQI,3303957.928201977,,3274344.835604457,,3274344.835604457,,0.6773361999948975,0.03980180001235567,1.212050600006478
Tnm199.tsp,199,MHLPQI,3223055.8772539427,,3223055.7316083475,,3223055.7316083475,,0.01321600002120249,0.03101580002112314,1.2091151000058744
Tnm199.tsp,199,HullRot-LPQI,3303957.928201977,,3274344.835604457,,3274344.835604457,,4.716893400007393,0.04035769999609329,1.2055773999891244
Tnm52.tsp,52,LPQI,586513.4084706563,,585790.0046888003,,585790.0046888003,,0.011428300000261515,0.001711699995212257,0.019221299997298047
Tnm52.tsp,52,MHLPQI,586513.4084706563,,585790.0046888003,,585790.0046888003,,0.0010537999914959073,0.0017297000158578157,0.022310600004857406
Tnm52.tsp,52,HullRot-LPQI,586513.4084706563,,585790.0046888003,,585790.0046888003,,0.08757870001136325,0.0017586000030860305,0.017704400001093745
Tnm55.tsp,55,LPQI,649815.7647574424,,647610.4714716113,,647610.4714716113,,0.013737600005697459,0.001923600008012727,0.02312789999996312
Tnm55.tsp,55,MHLPQI,649815.7647574424,,647610.4714716113,,647610.4714716113,,0.001120700006140396,0.002005799993639812,0.022714000020641834
Tnm55.tsp,55,HullRot-LPQI,649815.7647574424,,647610.4714716113,,647610.4714716113,,0.10598100000061095,0.0019217999943066388,0.02124780000303872
Tnm58.tsp,58,LPQI,713683.8595769741,,709956.634948635,,709956.634948635,,0.016974800004391,0.0021510000224225223,0.026053300010971725
Tnm58.tsp,58,MHLPQI,703497.0313809124,,699769.8067525735,,699769.8067525735,,0.001273000001674518,0.0022464999929070473,0.027361199987353757
Tnm58.tsp,58,HullRot-LPQI,713683.8595769741,,709956.634948635,,709956.634948635,,0.12042769999243319,0.002150300017092377,0.025524399999994785
Tnm61.tsp,61,LPQI,767464.710744013,,762190.8194970115,,762190.8194970115,,0.020171300013316795,0.002435000002151355,0.031259499985026196
Tnm61.tsp,61,MHLPQI,755555.1240027469,,746856.4823132508,,746856.4823132508,,0.0013895999873057008,0.0024370999890379608,0.031132200005231425
Tnm61.tsp,61,HullRot-LPQI,767464.710744013,,762190.8194970115,,762190.8194970115,,0.1402544000011403,0.0029319000022951514,0.033927899989066646
Tnm64.tsp,64,LPQI,822191.6025073546,,822191.6025073546,,822191.6025073546,,0.02757730000303127,0.0016623999981675297,0.04436030000215396
Tnm64.tsp,64,MHLPQI,809868.1209088021,,809868.1209088021,,809868.1209088021,,0.001725200010696426,0.0015284000255633146,0.0418053999892436
Tnm64.tsp,64,HullRot-LPQI,822191.6025073546,,822191.6025073546,,822191.6025073546,,0.1630322000128217,0.0024716000189073384,0.03987880001659505
Tnm67.tsp,67,LPQI,882440.0401392954,,882440.0401392954,,882440.0401392954,,0.03139109999756329,0.0020075000065844506,0.0497414999990724
Tnm67.tsp,67,MHLPQI,860375.4231149066,,857749.3015889117,,857749.3015889117,,0.0018589999817777425,0.0032730000093579292,0.05002230001264252
Tnm67.tsp,67,HullRot-LPQI,882440.0401392954,,882440.0401392954,,882440.0401392954,,0.17781269998522475,0.0015950000088196248,0.040512100007617846
Tnm70.tsp,70,LPQI,942880.0656049341,,942880.0656049341,,942880.0656049341,,0.029288999998243526,0.0017177000117953867,0.04638299997895956
Tnm70.tsp,70,MHLPQI,894036.1171425353,,892386.3789327252,,892386.3789327252,,0.0017547000024933368,0.0031562000222038478,0.054651300015393645
Tnm70.tsp,70,HullRot-LPQI,942880.0656049341,,942880.0656049341,,942880.0656049341,,0.22182320000138134,0.0016056000022217631,0.0463045000215061
Tnm73.tsp,73,LPQI,951618.5656848884,,951618.5656848884,,951618.5656848884,,0.06653290000394918,0.002957699995022267,0.0583117000060156
Tnm73.tsp,73,MHLPQI,945153.4675843398,,945153.4675843398,,945153.4675843398,,0.0019297999970149249,0.0017171000072266906,0.05950120001216419
Tnm73.tsp,73,HullRot-LPQI,951618.5656848884,,951618.5656848884,,951618.5656848884,,0.25487939998856746,0.0017226000200025737,0.053067600005306304
Tnm76.tsp,76,LPQI,1012413.6804571851,,1012413.6804571851,,1012413.6804571851,,0.038304799993056804,0.0022148000134620816,0.061487200000556186
Tnm76.tsp,76,MHLPQI,999221.7152584961,,996315.1972582773,,996315.1972582773,,0.0020071000035386533,0.0036840999964624643,0.06202470001881011
Tnm76.tsp,76,HullRot-LPQI,1012413.6804571851,,1012413.6804571851,,1012413.6804571851,,0.270071699982509,0.0019081999780610204,0.060543600004166365
Tnm79.tsp,79,LPQI,1073360.6110037512,,1073360.6110037512,,1073360.6110037512,,0.0496798999956809,0.002287699986482039,0.07877899997401983
Tnm79.tsp,79,MHLPQI,1020584.8624517642,,1018596.5889062587,,1018596.5889062587,,0.0025843000039458275,0.004973399976734072,0.0753454000223428
Tnm79.tsp,79,HullRot-LPQI,1073360.6110037512,,1073360.6110037512,,1073360.6110037512,,0.29348969997954555,0.0020127000170759857,0.0684379999875091
Tnm82.tsp,82,LPQI,1134431.795689621,,1134431.795689621,,1134431.795689621,,0.04852799998479895,0.002147699997294694,0.0764467999979388
Tnm82.tsp,82,MHLPQI,1114054.2740513529,,1101107.4534632387,,1101107.4534632387,,0.0023962999985087663,0.004536000022199005,0.07953240000642836
Tnm82.tsp,82,HullRot-LPQI,1134431.795689621,,1134431.795689621,,1134431.795689621,,0.34826940001221374,0.0021647999819833785,0.08457310000085272
Tnm85.tsp,85,LPQI,1195602.2242328282,,1195602.2242328282,,1195602.2242328282,,0.06262519999290816,0.002769999991869554,0.09273040000698529
Tnm85.tsp,85,MHLPQI,1156325.3743011875,,1156325.3743011875,,1156325.3743011875,,0.002495900000212714,0.0023486000136472285,0.08806049998383969
Tnm85.tsp,85,HullRot-LPQI,1195602.2242328282,,1195602.2242328282,,1195602.2242328282,,0.3845721000107005,0.0023360000050161034,0.08678720000898466
Tnm88.tsp,88,LPQI,1256855.150787184,,1256855.150787184,,1256855.150787184,,0.05838440000661649,0.002492200001142919,0.09509780001826584
Tnm88.tsp,88,MHLPQI,1217298.6010248933,,1217298.6010248933,,1217298.6010248933,,0.002737400005571544,0.0025212000182364136,0.09696160000748932
Tnm88.tsp,88,HullRot-LPQI,1256855.150787184,,1256855.150787184,,1256855.150787184,,0.4615275000105612,0.0025282000133302063,0.0951333999983035
Tnm91.tsp,91,LPQI,1318176.3408269547,,1318176.3408269547,,1318176.3408269547,,0.06613880000077188,0.002664700004970655,0.1075725999835413
Tnm91.tsp,91,MHLPQI,1294778.4387999573,,1294778.4387999573,,1292731.2603560311,,0.0028486000082921237,0.0026710999954957515,0.10824459997820668
Tnm91.tsp,91,HullRot-LPQI,1318176.3408269547,,1318176.3408269547,,1318176.3408269547,,0.4478866000135895,0.002682899998035282,0.10538399999495596
Tnm94.tsp,94,LPQI,1332716.893954551,,1330037.4679340885,,1330037.4679340885,,0.070777699991595,0.006104999978560954,0.12007780000567436
Tnm94.tsp,94,MHLPQI,1347874.5426908094,,1335194.160150806,,1335194.160150806,,0.0031253000197466463,0.0091651999973692,0.1637771999812685
Tnm94.tsp,94,HullRot-LPQI,1332716.893954551,,1330037.4679340885,,1330037.4679340885,,0.4930502000206616,0.005810000002384186,0.11801949999062344
Tnm97.tsp,97,LPQI,1394028.6407119646,,1394028.6407119646,,1394028.6407119646,,0.0781270999868866,0.003042299998924136,0.1308061000017915
Tnm97.tsp,97,MHLPQI,1350179.082056484,,1350179.082056484,,1347538.34700983,,0.003388000011909753,0.0031413999968208373,0.1346823000058066
Tnm97.tsp,97,HullRot-LPQI,1394028.6407119646,,1394028.6407119646,,1394028.6407119646,,0.534808399999747,0.0030540000007022172,0.12992549999034964
